Movie,Location
"Shawshank Redemption, The (1994)",\static\img\portfolio\shawshank_redemption.jpg
Dr. Strangelove or: How I Learned to Stop Worrying and Love the Bomb (1964),\static\img\portfolio\Dr. Strangelove or How I Learned to Stop Worrying and Love the Bomb (1964).jpg
Ghost in the Shell (Kôkaku kidôtai) (1995),\static\img\portfolio\Ghost in the Shell.jpg
Pulp Fiction (1994),\static\img\portfolio\Pulp Fiction (1994).jpg
"Philadelphia Story, The (1940)",\static\img\portfolio\Philadelphia Story.jpg
"Godfather, The (1972)",\static\img\portfolio\Godfather.jpg
His Girl Friday (1940),\static\img\portfolio\His Girl Friday (1940).jpg
"Streetcar Named Desire, A (1951)","\static\img\portfolio\Streetcar Named Desire, A (1951).jpg"
Rear Window (1954),\static\img\portfolio\Rear Window (1954).jpg
Notorious (1946),\static\img\portfolio\Notorious (1946).jpg
Paths of Glory (1957),\static\img\portfolio\Paths of Glory (1957).jpg
Lawrence of Arabia (1962),\static\img\portfolio\Lawrence of Arabia (1962).jpg
Secrets & Lies (1996),\static\img\portfolio\Secrets & Lies (1996).jpg
Ran (1985),\static\img\portfolio\Ran (1985).jpg
Monty Python and the Holy Grail (1975),\static\img\portfolio\Monty Python and the Holy Grail (1975).jpg
"Seventh Seal, The (Sjunde inseglet, Det) (1957)","\static\img\portfolio\Seventh Seal, The (Sjunde inseglet, Det) (1957).jpg"
Guess Who's Coming to Dinner (1967),\static\img\portfolio\Guess Who's Coming to Dinner (1967).jpg
Fight Club (1999),\static\img\portfolio\Fight Club (1999).jpg
Touch of Evil (1958),\static\img\portfolio\Touch of Evil (1958).jpg
"Hustler, The (1961)","\static\img\portfolio\Hustler, The (1961).jpg"
Grave of the Fireflies (Hotaru no haka) (1988),\static\img\portfolio\Grave of the Fireflies (Hotaru no haka) (1988).jpg
"Day of the Doctor, The (2013)","\static\img\portfolio\Day of the Doctor, The (2013).jpg"
"Outlaw Josey Wales, The (1976)","\static\img\portfolio\Outlaw Josey Wales, The (1976).jpg"
"Neon Genesis Evangelion: The End of Evangelion (Shin seiki Evangelion Gekijô-ban: Air/Magokoro wo, kimi ni) (1997)",\static\img\portfolio\Neon Genesis Evangelion The End of Evangelion.jpg
"Three Billboards Outside Ebbing, Missouri (2017)","\static\img\portfolio\Three Billboards Outside Ebbing, Missouri (2017).jpg"
"Departed, The (2006)","\static\img\portfolio\Departed, The (2006).jpg"
Double Indemnity (1944),\static\img\portfolio\Double Indemnity (1944).jpg
Mary and Max (2009),\static\img\portfolio\Mary and Max (2009).jpg
Wallace & Gromit: The Best of Aardman Animation (1996),\static\img\portfolio\Wallace & Gromit The Best of Aardman Animation (1996).jpg
Sunset Blvd. (a.k.a. Sunset Boulevard) (1950),\static\img\portfolio\Sunset Blvd. (a.k.a. Sunset Boulevard) (1950).jpg
Hoop Dreams (1994),\static\img\portfolio\Hoop Dreams (1994).jpg
Five Easy Pieces (1970),\static\img\portfolio\Five Easy Pieces (1970).jpg
Man Bites Dog (C'est arrivé près de chez vous) (1992),\static\img\portfolio\Man Bites Dog (C'est arrivé près de chez vous) (1992).jpg
"Matrix, The (1999)","\static\img\portfolio\Matrix, The (1999).jpg"
Baby Driver (2017),\static\img\portfolio\Baby Driver (2017).jpg
"Legend of Drunken Master, The (Jui kuen II) (1994)","\static\img\portfolio\Legend of Drunken Master, The (Jui kuen II) (1994).jpg"
Doctor Zhivago (1965),\static\img\portfolio\Doctor Zhivago (1965).jpg
Lesson Faust (1994),\static\img\portfolio\Lesson Faust (1994).jpg
"Assignment, The (1997)","\static\img\portfolio\Assignment, The (1997).jpg"
Far From Home: The Adventures of Yellow Dog (1995),\static\img\portfolio\Far From Home- The Adventures of Yellow Dog (1995).jpg
Lassie (1994),\static\img\portfolio\Lassie (1994).jpg
Mephisto (1981),\static\img\portfolio\Mephisto (1981).jpg
It's My Party (1996),\static\img\portfolio\It's My Party (1996).jpg
I'm the One That I Want (2000),\static\img\portfolio\I'm the One That I Want (2000).jpg
Children of the Corn IV: The Gathering (1996),\static\img\portfolio\Children of the Corn IV- The Gathering (1996).jpg
Galaxy of Terror (Quest) (1981),\static\img\portfolio\Galaxy of Terror (Quest) (1981).jpg
Alien Contamination (1980),\static\img\portfolio\Alien Contamination (1980).jpg
Dylan Moran: Monster (2004),\static\img\portfolio\Dylan Moran- Monster (2004).jpg
Elling (2001),\static\img\portfolio\Elling (2001).jpg
Bill Hicks: Revelations (1993),\static\img\portfolio\Bill Hicks- Revelations (1993).jpg
The Jinx: The Life and Deaths of Robert Durst (2015),\static\img\portfolio\The Jinx- The Life and Deaths of Robert Durst (2015).jpg
Black Mirror,\static\img\portfolio\Black Mirror.jpg